{"cameraMode":{"drawMode":0,"name":"Shaded","section":"Shading Mode"},"sceneLighting":true,"audioPlay":false,"sceneViewState":{"m_AlwaysRefresh":false,"showFog":true,"showSkybox":true,"showFlares":true,"showImageEffects":true,"showParticleSystems":true,"showVisualEffectGraphs":true,"m_FxEnabled":true},"in2DMode":false,"pivot":{"x":10.535419464111329,"y":3.9266533851623537,"z":10.240389823913575},"rotation":{"x":0.08190962672233582,"y":0.5495318174362183,"z":-0.054261595010757449,"w":0.8296942114830017},"size":41.157493591308597,"orthographic":false}